RestaurantID,Name,CuisineType,Pricing_for_2,Restaurant_Phone,OperatingHours,LocationID,ActiveFlag,OpenStatus,Locality,Restaurant_Address,Ratings,Coupons,Latitude,Longitude,CreatedDate,ModifiedDate
1937,Ichigo House,Ice Cream,418,9721284645,11:00 - 01:00,28,True,Open,Magar Circle,"First Floor, Magar Circle, Aurangabad - 803384",4.1,"[{""code"": ""SPECIAL_1937"", ""min_amount"": 803, ""discount_amount"": 138, ""description"": ""\u20b9150 off on orders above \u20b9800"", ""payment_method"": null}, {""code"": ""WEEKEND_1937"", ""min_amount"": 1053, ""discount_amount"": 213, ""description"": ""\u20b9200 off on orders above \u20b91000"", ""payment_method"": null}, {""code"": ""UPISAVE_1937"", ""min_amount"": 432, ""discount_amount"": 78, ""description"": ""\u20b980 off on orders above \u20b9400 with UPI"", ""payment_method"": ""UPI""}]",21.19188013018576,94.5599927378719,2023-06-08 22:17:38,2024-01-02 22:43:46
579,Momo Street,"Bakery, Lebanese, Pizza",430,9263226903,10:00 - 02:00,9,True,Open,Choudhary Path," Choudhary Path, Jaipur - 698508",3.4,"[{""code"": ""UPISAVE_579"", ""min_amount"": 413, ""discount_amount"": 74, ""description"": ""\u20b980 off on orders above \u20b9400 with UPI"", ""payment_method"": ""UPI""}, {""code"": ""FIRSTORDER_579"", ""min_amount"": 296, ""discount_amount"": 78, ""description"": ""\u20b975 off on your first order above \u20b9300"", ""payment_method"": null}, {""code"": ""CREDITCARD_579"", ""min_amount"": 695, ""discount_amount"": 146, ""description"": ""\u20b9150 off on orders above \u20b9750 with Credit Card"", ""payment_method"": ""CreditCard""}, {""code"": ""SPECIAL_579"", ""min_amount"": 780, ""discount_amount"": 140, ""description"": ""\u20b9150 off on orders above \u20b9800"", ""payment_method"": null}, {""code"": ""WELCOME_579"", ""min_amount"": 451, ""discount_amount"": 103, ""description"": ""\u20b9100 off on orders above \u20b9500"", ""payment_method"": null}]",20.362652813060496,84.73550923629679,2024-04-03 07:36:16,2024-11-28 05:02:36
1199,Dilli Darbar,"Ice Cream, Pizza, Mughlai",1433,9111054863,16:00 - 01:00,17,True,Open,Bose Nagar," Bose Nagar, Nagpur - 462944",3.6,"[{""code"": ""UPISAVE_1199"", ""min_amount"": 360, ""discount_amount"": 76, ""description"": ""\u20b980 off on orders above \u20b9400 with UPI"", ""payment_method"": ""UPI""}, {""code"": ""DEBITCARD_1199"", ""min_amount"": 577, ""discount_amount"": 108, ""description"": ""\u20b9100 off on orders above \u20b9600 with Debit Card"", ""payment_method"": ""DebitCard""}, {""code"": ""CASHBACK_1199"", ""min_amount"": 515, ""discount_amount"": 78, ""description"": ""\u20b975 off on Cash payments above \u20b9500"", ""payment_method"": ""Cash""}, {""code"": ""WELCOME_1199"", ""min_amount"": 508, ""discount_amount"": 104, ""description"": ""\u20b9100 off on orders above \u20b9500"", ""payment_method"": null}]",21.64352929821424,92.47439401504376,2024-10-03 08:27:02,2024-10-10 18:51:37
1644,Vada Rasoi,"Desserts, North Indian, Italian",1155,9148477234,22:00 - 10:00,25,True,Open,Gola Path,"Ground Floor, Gola Path, Rajkot - 758564",3.8,"[{""code"": ""WELCOME_1644"", ""min_amount"": 470, ""discount_amount"": 91, ""description"": ""\u20b9100 off on orders above \u20b9500"", ""payment_method"": null}, {""code"": ""CASHBACK_1644"", ""min_amount"": 518, ""discount_amount"": 80, ""description"": ""\u20b975 off on Cash payments above \u20b9500"", ""payment_method"": ""Cash""}, {""code"": ""WEEKEND_1644"", ""min_amount"": 992, ""discount_amount"": 185, ""description"": ""\u20b9200 off on orders above \u20b91000"", ""payment_method"": null}, {""code"": ""UPISAVE_1644"", ""min_amount"": 422, ""discount_amount"": 72, ""description"": ""\u20b980 off on orders above \u20b9400 with UPI"", ""payment_method"": ""UPI""}]",36.519972209646966,73.20534312686358,2024-06-30 02:26:34,2024-08-17 07:49:55
1361,Global Taste Bazaar,"Street Food, Ice Cream",876,9845759011,13:00 - 00:00,19,False,Closed,Sama Road,"Second Floor, Sama Road, Vadodara - 998662",3.6,"[{""code"": ""FIRSTORDER_1361"", ""min_amount"": 311, ""discount_amount"": 82, ""description"": ""\u20b975 off on your first order above \u20b9300"", ""payment_method"": null}, {""code"": ""UPISAVE_1361"", ""min_amount"": 403, ""discount_amount"": 84, ""description"": ""\u20b980 off on orders above \u20b9400 with UPI"", ""payment_method"": ""UPI""}, {""code"": ""DEBITCARD_1361"", ""min_amount"": 645, ""discount_amount"": 104, ""description"": ""\u20b9100 off on orders above \u20b9600 with Debit Card"", ""payment_method"": ""DebitCard""}, {""code"": ""SPECIAL_1361"", ""min_amount"": 845, ""discount_amount"": 163, ""description"": ""\u20b9150 off on orders above \u20b9800"", ""payment_method"": null}]",20.619233452615205,96.14700169903196,2024-09-30 12:55:11,2024-12-12 17:57:12
603,Ocha & Sake,"Ice Cream, Japanese, Pizza",1438,9854708138,18:00 - 04:00,9,True,Open,Khalsa Circle,"First Floor, Khalsa Circle, Jaipur - 698508",3.7,"[{""code"": ""WELCOME_603"", ""min_amount"": 533, ""discount_amount"": 98, ""description"": ""\u20b9100 off on orders above \u20b9500"", ""payment_method"": null}, {""code"": ""UPISAVE_603"", ""min_amount"": 437, ""discount_amount"": 81, ""description"": ""\u20b980 off on orders above \u20b9400 with UPI"", ""payment_method"": ""UPI""}, {""code"": ""FESTIVAL_603"", ""min_amount"": 1363, ""discount_amount"": 273, ""description"": ""\u20b9300 off on orders above \u20b91500"", ""payment_method"": null}]",10.302606785358018,88.05745003465924,2024-05-29 14:26:17,2024-08-29 09:25:38
1070,Kokan King Bhavan,"Bakery, Italian",1110,9792679092,19:00 - 03:00,15,True,Open,Lad Ganj," Lad Ganj, Indore - 466778",3.9,"[{""code"": ""DEBITCARD_1070"", ""min_amount"": 631, ""discount_amount"": 98, ""description"": ""\u20b9100 off on orders above \u20b9600 with Debit Card"", ""payment_method"": ""DebitCard""}, {""code"": ""UPISAVE_1070"", ""min_amount"": 391, ""discount_amount"": 78, ""description"": ""\u20b980 off on orders above \u20b9400 with UPI"", ""payment_method"": ""UPI""}, {""code"": ""FESTIVAL_1070"", ""min_amount"": 1415, ""discount_amount"": 278, ""description"": ""\u20b9300 off on orders above \u20b91500"", ""payment_method"": null}]",28.80252997079699,76.40068270594278,2024-05-06 14:36:41,2024-07-14 19:04:20
1807,Oriental Tadka,"Desserts, Fast Food, Continental",1528,9164295287,11:00 - 20:00,26,True,Open,Ben Nagar," Ben Nagar, Varanasi - 489201",3.6,"[{""code"": ""DEBITCARD_1807"", ""min_amount"": 650, ""discount_amount"": 102, ""description"": ""\u20b9100 off on orders above \u20b9600 with Debit Card"", ""payment_method"": ""DebitCard""}, {""code"": ""FIRSTORDER_1807"", ""min_amount"": 304, ""discount_amount"": 77, ""description"": ""\u20b975 off on your first order above \u20b9300"", ""payment_method"": null}, {""code"": ""WELCOME_1807"", ""min_amount"": 480, ""discount_amount"": 102, ""description"": ""\u20b9100 off on orders above \u20b9500"", ""payment_method"": null}, {""code"": ""WEEKEND_1807"", ""min_amount"": 1006, ""discount_amount"": 208, ""description"": ""\u20b9200 off on orders above \u20b91000"", ""payment_method"": null}]",28.482094103566787,80.75829272402298,2024-11-10 15:00:30,2025-04-11 04:24:54
1731,Nebula Eats,"Beverages, Italian, Chinese",1052,9572017364,11:00 - 02:00,26,True,Open,Dhar Chowk,"Ground Floor, Dhar Chowk, Varanasi - 489201",3.8,"[{""code"": ""FIRSTORDER_1731"", ""min_amount"": 294, ""discount_amount"": 72, ""description"": ""\u20b975 off on your first order above \u20b9300"", ""payment_method"": null}, {""code"": ""SPECIAL_1731"", ""min_amount"": 864, ""discount_amount"": 144, ""description"": ""\u20b9150 off on orders above \u20b9800"", ""payment_method"": null}, {""code"": ""CASHBACK_1731"", ""min_amount"": 455, ""discount_amount"": 72, ""description"": ""\u20b975 off on Cash payments above \u20b9500"", ""payment_method"": ""Cash""}, {""code"": ""WELCOME_1731"", ""min_amount"": 524, ""discount_amount"": 90, ""description"": ""\u20b9100 off on orders above \u20b9500"", ""payment_method"": null}, {""code"": ""FESTIVAL_1731"", ""min_amount"": 1426, ""discount_amount"": 323, ""description"": ""\u20b9300 off on orders above \u20b91500"", ""payment_method"": null}]",35.35420193701465,82.11744318025026,2024-05-07 10:15:40,2025-01-17 20:18:45
1932,Tamil Nadu Kitchen,"Italian, Desserts",1140,9577018275,01:00 - 16:00,28,True,Open,Oak Zila,"First Floor, Oak Zila, Aurangabad - 803384",3.9,"[{""code"": ""DEBITCARD_1932"", ""min_amount"": 566, ""discount_amount"": 93, ""description"": ""\u20b9100 off on orders above \u20b9600 with Debit Card"", ""payment_method"": ""DebitCard""}, {""code"": ""CASHBACK_1932"", ""min_amount"": 516, ""discount_amount"": 71, ""description"": ""\u20b975 off on Cash payments above \u20b9500"", ""payment_method"": ""Cash""}, {""code"": ""WELCOME_1932"", ""min_amount"": 498, ""discount_amount"": 106, ""description"": ""\u20b9100 off on orders above \u20b9500"", ""payment_method"": null}]",28.27103139925842,85.04605558310165,2023-07-15 00:19:27,2024-02-26 17:13:37
2187,Sahyadri Delights Junction,Cafe,657,9603640197,20:00 - 06:00,32,True,Open,Dasgupta," Dasgupta, Morbi - 776563",3.6,"[{""code"": ""UPISAVE_2187"", ""min_amount"": 431, ""discount_amount"": 80, ""description"": ""\u20b980 off on orders above \u20b9400 with UPI"", ""payment_method"": ""UPI""}, {""code"": ""WEEKEND_2187"", ""min_amount"": 926, ""discount_amount"": 208, ""description"": ""\u20b9200 off on orders above \u20b91000"", ""payment_method"": null}, {""code"": ""FESTIVAL_2187"", ""min_amount"": 1618, ""discount_amount"": 324, ""description"": ""\u20b9300 off on orders above \u20b91500"", ""payment_method"": null}]",13.587536797505225,69.70104814348166,2024-03-06 17:10:25,2024-09-10 17:36:07
2724,Spicy Twist,"Desserts, South Indian, Lebanese",1343,9261206484,10:00 - 21:00,39,True,Open,Singh Ganj,"First Floor, Singh Ganj, Vijayawada - 594714",3.6,"[{""code"": ""FESTIVAL_2724"", ""min_amount"": 1510, ""discount_amount"": 323, ""description"": ""\u20b9300 off on orders above \u20b91500"", ""payment_method"": null}, {""code"": ""CASHBACK_2724"", ""min_amount"": 455, ""discount_amount"": 75, ""description"": ""\u20b975 off on Cash payments above \u20b9500"", ""payment_method"": ""Cash""}, {""code"": ""UPISAVE_2724"", ""min_amount"": 360, ""discount_amount"": 82, ""description"": ""\u20b980 off on orders above \u20b9400 with UPI"", ""payment_method"": ""UPI""}]",27.113936705207323,97.16008888477556,2021-07-15 09:22:53,2025-01-28 04:18:48
252,Grain Theory,Ice Cream,1928,9881434315,18:00 - 10:00,5,True,Open,Deol Zila,"First Floor, Deol Zila, Chennai - 681858",3.7,"[{""code"": ""SPECIAL_252"", ""min_amount"": 768, ""discount_amount"": 136, ""description"": ""\u20b9150 off on orders above \u20b9800"", ""payment_method"": null}, {""code"": ""CREDITCARD_252"", ""min_amount"": 824, ""discount_amount"": 154, ""description"": ""\u20b9150 off on orders above \u20b9750 with Credit Card"", ""payment_method"": ""CreditCard""}, {""code"": ""WEEKEND_252"", ""min_amount"": 973, ""discount_amount"": 214, ""description"": ""\u20b9200 off on orders above \u20b91000"", ""payment_method"": null}, {""code"": ""UPISAVE_252"", ""min_amount"": 387, ""discount_amount"": 85, ""description"": ""\u20b980 off on orders above \u20b9400 with UPI"", ""payment_method"": ""UPI""}]",8.49657492060346,95.94113512619144,2024-10-08 18:08:34,2024-12-14 09:41:07
689,The Artisan Bean,"Fast Food, Chinese, Bakery",1843,9255886966,20:00 - 10:00,10,True,Open,Khurana Marg," Khurana Marg, Lucknow - 791453",3.7,"[{""code"": ""FIRSTORDER_689"", ""min_amount"": 300, ""discount_amount"": 72, ""description"": ""\u20b975 off on your first order above \u20b9300"", ""payment_method"": null}, {""code"": ""WELCOME_689"", ""min_amount"": 511, ""discount_amount"": 109, ""description"": ""\u20b9100 off on orders above \u20b9500"", ""payment_method"": null}, {""code"": ""DEBITCARD_689"", ""min_amount"": 563, ""discount_amount"": 93, ""description"": ""\u20b9100 off on orders above \u20b9600 with Debit Card"", ""payment_method"": ""DebitCard""}]",15.647463726180868,78.13160122253339,2023-06-20 11:52:49,2024-06-11 00:40:01
2062,Curry Leaf Café,"Beverages, Mediterranean",1490,9127624619,20:00 - 10:00,30,True,Open,Wagle Marg,"Second Floor, Wagle Marg, Amritsar - 354098",3.9,"[{""code"": ""WELCOME_2062"", ""min_amount"": 537, ""discount_amount"": 91, ""description"": ""\u20b9100 off on orders above \u20b9500"", ""payment_method"": null}, {""code"": ""FIRSTORDER_2062"", ""min_amount"": 305, ""discount_amount"": 81, ""description"": ""\u20b975 off on your first order above \u20b9300"", ""payment_method"": null}, {""code"": ""UPISAVE_2062"", ""min_amount"": 385, ""discount_amount"": 78, ""description"": ""\u20b980 off on orders above \u20b9400 with UPI"", ""payment_method"": ""UPI""}, {""code"": ""WEEKEND_2062"", ""min_amount"": 947, ""discount_amount"": 214, ""description"": ""\u20b9200 off on orders above \u20b91000"", ""payment_method"": null}]",30.93135187256732,96.74073016745476,2024-02-09 02:39:37,2024-02-18 10:21:39
1281,Appam & Stew,Bakery,858,9814801983,07:00 - 21:00,18,True,Open,Purohit Nagar," Purohit Nagar, Patna - 508382",3.8,"[{""code"": ""CREDITCARD_1281"", ""min_amount"": 688, ""discount_amount"": 164, ""description"": ""\u20b9150 off on orders above \u20b9750 with Credit Card"", ""payment_method"": ""CreditCard""}, {""code"": ""WELCOME_1281"", ""min_amount"": 463, ""discount_amount"": 106, ""description"": ""\u20b9100 off on orders above \u20b9500"", ""payment_method"": null}, {""code"": ""CASHBACK_1281"", ""min_amount"": 530, ""discount_amount"": 72, ""description"": ""\u20b975 off on Cash payments above \u20b9500"", ""payment_method"": ""Cash""}, {""code"": ""SPECIAL_1281"", ""min_amount"": 745, ""discount_amount"": 142, ""description"": ""\u20b9150 off on orders above \u20b9800"", ""payment_method"": null}, {""code"": ""DEBITCARD_1281"", ""min_amount"": 623, ""discount_amount"": 104, ""description"": ""\u20b9100 off on orders above \u20b9600 with Debit Card"", ""payment_method"": ""DebitCard""}]",25.56576306549632,78.4089288082609,2024-09-09 11:46:06,2024-10-06 00:44:21
600,Wave & Whisk,"Lebanese, Mexican, Burger",443,9597979740,11:00 - 23:00,9,True,Open,Raval Nagar,"First Floor, Raval Nagar, Jaipur - 698508",4.0,"[{""code"": ""WEEKEND_600"", ""min_amount"": 999, ""discount_amount"": 208, ""description"": ""\u20b9200 off on orders above \u20b91000"", ""payment_method"": null}, {""code"": ""CREDITCARD_600"", ""min_amount"": 782, ""discount_amount"": 148, ""description"": ""\u20b9150 off on orders above \u20b9750 with Credit Card"", ""payment_method"": ""CreditCard""}, {""code"": ""SPECIAL_600"", ""min_amount"": 782, ""discount_amount"": 157, ""description"": ""\u20b9150 off on orders above \u20b9800"", ""payment_method"": null}]",23.32410199564193,77.54768969232505,2024-12-21 05:08:39,2025-01-23 23:15:32
102,Zayka Darbar,"Desserts, Beverages",1296,9249078381,12:00 - 03:00,2,True,Open,Garde Zila,"First Floor, Garde Zila, Mumbai - 887572",3.4,"[{""code"": ""FIRSTORDER_102"", ""min_amount"": 291, ""discount_amount"": 81, ""description"": ""\u20b975 off on your first order above \u20b9300"", ""payment_method"": null}, {""code"": ""UPISAVE_102"", ""min_amount"": 417, ""discount_amount"": 79, ""description"": ""\u20b980 off on orders above \u20b9400 with UPI"", ""payment_method"": ""UPI""}, {""code"": ""DEBITCARD_102"", ""min_amount"": 614, ""discount_amount"": 99, ""description"": ""\u20b9100 off on orders above \u20b9600 with Debit Card"", ""payment_method"": ""DebitCard""}, {""code"": ""WELCOME_102"", ""min_amount"": 463, ""discount_amount"": 90, ""description"": ""\u20b9100 off on orders above \u20b9500"", ""payment_method"": null}]",10.247400788087068,81.11000748745137,2025-02-19 04:14:53,2025-04-22 18:04:15
1759,Indian Aroma,"Beverages, Bakery, South Indian",1481,9663800341,19:00 - 05:00,26,True,Open,Mani,"First Floor, Mani, Varanasi - 489201",3.8,"[{""code"": ""WELCOME_1759"", ""min_amount"": 546, ""discount_amount"": 91, ""description"": ""\u20b9100 off on orders above \u20b9500"", ""payment_method"": null}, {""code"": ""WEEKEND_1759"", ""min_amount"": 1001, ""discount_amount"": 216, ""description"": ""\u20b9200 off on orders above \u20b91000"", ""payment_method"": null}, {""code"": ""UPISAVE_1759"", ""min_amount"": 382, ""discount_amount"": 81, ""description"": ""\u20b980 off on orders above \u20b9400 with UPI"", ""payment_method"": ""UPI""}, {""code"": ""DEBITCARD_1759"", ""min_amount"": 573, ""discount_amount"": 105, ""description"": ""\u20b9100 off on orders above \u20b9600 with Debit Card"", ""payment_method"": ""DebitCard""}]",11.951879765473317,81.7920762626612,2023-08-08 14:37:04,2023-10-26 19:54:59
2635,Mozza & Co.,Mediterranean,425,9577688627,11:00 - 19:00,38,True,Open,Atwal Road,"Third Floor, Atwal Road, Kota - 874544",4.1,"[{""code"": ""WELCOME_2635"", ""min_amount"": 471, ""discount_amount"": 90, ""description"": ""\u20b9100 off on orders above \u20b9500"", ""payment_method"": null}, {""code"": ""CREDITCARD_2635"", ""min_amount"": 743, ""discount_amount"": 154, ""description"": ""\u20b9150 off on orders above \u20b9750 with Credit Card"", ""payment_method"": ""CreditCard""}, {""code"": ""FIRSTORDER_2635"", ""min_amount"": 298, ""discount_amount"": 71, ""description"": ""\u20b975 off on your first order above \u20b9300"", ""payment_method"": null}, {""code"": ""FESTIVAL_2635"", ""min_amount"": 1644, ""discount_amount"": 319, ""description"": ""\u20b9300 off on orders above \u20b91500"", ""payment_method"": null}]",19.98950376152733,79.2235809299956,2023-11-15 10:49:50,2024-01-16 19:52:25
206,Cheesy Pizza House,"Fast Food, Japanese",1976,9418017646,19:00 - 04:00,4,True,Open,Dhawan Circle," Dhawan Circle, Hyderabad - 217473",3.9,"[{""code"": ""CASHBACK_206"", ""min_amount"": 527, ""discount_amount"": 75, ""description"": ""\u20b975 off on Cash payments above \u20b9500"", ""payment_method"": ""Cash""}, {""code"": ""CREDITCARD_206"", ""min_amount"": 785, ""discount_amount"": 161, ""description"": ""\u20b9150 off on orders above \u20b9750 with Credit Card"", ""payment_method"": ""CreditCard""}, {""code"": ""FESTIVAL_206"", ""min_amount"": 1535, ""discount_amount"": 291, ""description"": ""\u20b9300 off on orders above \u20b91500"", ""payment_method"": null}, {""code"": ""WELCOME_206"", ""min_amount"": 512, ""discount_amount"": 96, ""description"": ""\u20b9100 off on orders above \u20b9500"", ""payment_method"": null}]",12.926743959799548,77.14145447756648,2022-02-03 10:48:50,2024-03-23 18:27:20
1848,Thepla House,"Burger, Pizza",1779,9487886937,18:00 - 06:00,27,True,Open,Sidhu Chowk," Sidhu Chowk, Srinagar - 848797",4.6,"[{""code"": ""UPISAVE_1848"", ""min_amount"": 390, ""discount_amount"": 77, ""description"": ""\u20b980 off on orders above \u20b9400 with UPI"", ""payment_method"": ""UPI""}, {""code"": ""WEEKEND_1848"", ""min_amount"": 969, ""discount_amount"": 197, ""description"": ""\u20b9200 off on orders above \u20b91000"", ""payment_method"": null}, {""code"": ""FIRSTORDER_1848"", ""min_amount"": 280, ""discount_amount"": 70, ""description"": ""\u20b975 off on your first order above \u20b9300"", ""payment_method"": null}]",13.384178593028562,94.17561671923028,2025-01-23 14:29:37,2025-03-07 06:09:07
2039,Tropicana Plate,"North Indian, Mughlai, Street Food",1205,9760094295,20:00 - 06:00,30,True,Open,Hayer Road," Hayer Road, Amritsar - 354098",4.0,"[{""code"": ""DEBITCARD_2039"", ""min_amount"": 654, ""discount_amount"": 99, ""description"": ""\u20b9100 off on orders above \u20b9600 with Debit Card"", ""payment_method"": ""DebitCard""}, {""code"": ""WEEKEND_2039"", ""min_amount"": 917, ""discount_amount"": 208, ""description"": ""\u20b9200 off on orders above \u20b91000"", ""payment_method"": null}, {""code"": ""UPISAVE_2039"", ""min_amount"": 399, ""discount_amount"": 79, ""description"": ""\u20b980 off on orders above \u20b9400 with UPI"", ""payment_method"": ""UPI""}]",27.119457027358383,81.14760560813608,2021-05-19 04:28:53,2024-07-15 15:59:39
418,Rasoi ni Mahak Express,Italian,637,9388100915,10:00 - 00:00,7,True,Open,Varty Path,"Second Floor, Varty Path, Pune - 208246",3.8,"[{""code"": ""SPECIAL_418"", ""min_amount"": 733, ""discount_amount"": 161, ""description"": ""\u20b9150 off on orders above \u20b9800"", ""payment_method"": null}, {""code"": ""FIRSTORDER_418"", ""min_amount"": 297, ""discount_amount"": 73, ""description"": ""\u20b975 off on your first order above \u20b9300"", ""payment_method"": null}, {""code"": ""FESTIVAL_418"", ""min_amount"": 1414, ""discount_amount"": 323, ""description"": ""\u20b9300 off on orders above \u20b91500"", ""payment_method"": null}]",15.760481624022642,73.72781542529562,2024-08-22 15:28:52,2025-01-07 19:57:56
924,Cheesy Pizza House,"South Indian, Lebanese, Beverages",321,9418335659,21:00 - 12:00,13,True,Open,Chaudry Ganj,"Third Floor, Chaudry Ganj, Guwahati - 116814",1.8,"[{""code"": ""WEEKEND_924"", ""min_amount"": 1017, ""discount_amount"": 190, ""description"": ""\u20b9200 off on orders above \u20b91000"", ""payment_method"": null}, {""code"": ""FIRSTORDER_924"", ""min_amount"": 314, ""discount_amount"": 76, ""description"": ""\u20b975 off on your first order above \u20b9300"", ""payment_method"": null}, {""code"": ""CASHBACK_924"", ""min_amount"": 452, ""discount_amount"": 78, ""description"": ""\u20b975 off on Cash payments above \u20b9500"", ""payment_method"": ""Cash""}, {""code"": ""SPECIAL_924"", ""min_amount"": 800, ""discount_amount"": 151, ""description"": ""\u20b9150 off on orders above \u20b9800"", ""payment_method"": null}]",27.25974433473444,92.22699303068578,2025-04-08 16:43:53,2025-04-13 22:19:07
2372,Zen Dragon,Burger,531,9296917511,18:00 - 05:00,35,True,Open,Rout Ganj,"Ground Floor, Rout Ganj, Gandhinagar - 845911",3.5,"[{""code"": ""FIRSTORDER_2372"", ""min_amount"": 313, ""discount_amount"": 68, ""description"": ""\u20b975 off on your first order above \u20b9300"", ""payment_method"": null}, {""code"": ""WEEKEND_2372"", ""min_amount"": 1084, ""discount_amount"": 213, ""description"": ""\u20b9200 off on orders above \u20b91000"", ""payment_method"": null}, {""code"": ""WELCOME_2372"", ""min_amount"": 536, ""discount_amount"": 94, ""description"": ""\u20b9100 off on orders above \u20b9500"", ""payment_method"": null}, {""code"": ""CREDITCARD_2372"", ""min_amount"": 681, ""discount_amount"": 136, ""description"": ""\u20b9150 off on orders above \u20b9750 with Credit Card"", ""payment_method"": ""CreditCard""}, {""code"": ""DEBITCARD_2372"", ""min_amount"": 644, ""discount_amount"": 90, ""description"": ""\u20b9100 off on orders above \u20b9600 with Debit Card"", ""payment_method"": ""DebitCard""}]",20.71284546334913,82.1516094285765,2022-12-04 14:18:00,2023-08-13 16:00:49
768,Pasta Mania,"Bakery, Pizza",1344,9717110396,21:00 - 05:00,11,True,Open,Raval Road,"Second Floor, Raval Road, Chandigarh - 549898",3.7,"[{""code"": ""CREDITCARD_768"", ""min_amount"": 792, ""discount_amount"": 145, ""description"": ""\u20b9150 off on orders above \u20b9750 with Credit Card"", ""payment_method"": ""CreditCard""}, {""code"": ""WEEKEND_768"", ""min_amount"": 1002, ""discount_amount"": 218, ""description"": ""\u20b9200 off on orders above \u20b91000"", ""payment_method"": null}, {""code"": ""WELCOME_768"", ""min_amount"": 461, ""discount_amount"": 99, ""description"": ""\u20b9100 off on orders above \u20b9500"", ""payment_method"": null}]",36.95111356002728,84.49660140055407,2024-06-28 23:50:28,2025-03-20 09:43:20
696,Desi Delight Hub,"North Indian, Italian",1010,9696425455,21:00 - 12:00,11,True,Open,Gupta,"Third Floor, Gupta, Chandigarh - 549898",3.8,"[{""code"": ""SPECIAL_696"", ""min_amount"": 827, ""discount_amount"": 142, ""description"": ""\u20b9150 off on orders above \u20b9800"", ""payment_method"": null}, {""code"": ""FIRSTORDER_696"", ""min_amount"": 328, ""discount_amount"": 70, ""description"": ""\u20b975 off on your first order above \u20b9300"", ""payment_method"": null}, {""code"": ""WELCOME_696"", ""min_amount"": 495, ""discount_amount"": 91, ""description"": ""\u20b9100 off on orders above \u20b9500"", ""payment_method"": null}, {""code"": ""FESTIVAL_696"", ""min_amount"": 1389, ""discount_amount"": 325, ""description"": ""\u20b9300 off on orders above \u20b91500"", ""payment_method"": null}, {""code"": ""UPISAVE_696"", ""min_amount"": 388, ""discount_amount"": 86, ""description"": ""\u20b980 off on orders above \u20b9400 with UPI"", ""payment_method"": ""UPI""}]",35.3542296334557,96.73559911471416,2024-06-25 16:44:44,2024-12-07 16:30:09
1075,Sunbeam Grove,"Japanese, South Indian, Chinese",1445,9311827248,13:00 - 22:00,15,False,Closed,Mallick Nagar,"Third Floor, Mallick Nagar, Indore - 466778",3.8,"[{""code"": ""FESTIVAL_1075"", ""min_amount"": 1378, ""discount_amount"": 291, ""description"": ""\u20b9300 off on orders above \u20b91500"", ""payment_method"": null}, {""code"": ""UPISAVE_1075"", ""min_amount"": 434, ""discount_amount"": 78, ""description"": ""\u20b980 off on orders above \u20b9400 with UPI"", ""payment_method"": ""UPI""}, {""code"": ""CREDITCARD_1075"", ""min_amount"": 794, ""discount_amount"": 164, ""description"": ""\u20b9150 off on orders above \u20b9750 with Credit Card"", ""payment_method"": ""CreditCard""}, {""code"": ""WELCOME_1075"", ""min_amount"": 461, ""discount_amount"": 101, ""description"": ""\u20b9100 off on orders above \u20b9500"", ""payment_method"": null}, {""code"": ""CASHBACK_1075"", ""min_amount"": 497, ""discount_amount"": 79, ""description"": ""\u20b975 off on Cash payments above \u20b9500"", ""payment_method"": ""Cash""}]",34.60576573985989,83.74914112024955,2022-01-16 00:00:48,2024-01-08 01:41:35
1574,Spaghetti Zaika,Mughlai,1944,9709483495,19:00 - 07:00,23,True,Open,Goswami Nagar," Goswami Nagar, Faridabad - 506922",4.0,"[{""code"": ""CREDITCARD_1574"", ""min_amount"": 734, ""discount_amount"": 142, ""description"": ""\u20b9150 off on orders above \u20b9750 with Credit Card"", ""payment_method"": ""CreditCard""}, {""code"": ""WEEKEND_1574"", ""min_amount"": 1074, ""discount_amount"": 218, ""description"": ""\u20b9200 off on orders above \u20b91000"", ""payment_method"": null}, {""code"": ""SPECIAL_1574"", ""min_amount"": 810, ""discount_amount"": 136, ""description"": ""\u20b9150 off on orders above \u20b9800"", ""payment_method"": null}, {""code"": ""FIRSTORDER_1574"", ""min_amount"": 273, ""discount_amount"": 70, ""description"": ""\u20b975 off on your first order above \u20b9300"", ""payment_method"": null}]",28.42105256777206,92.89627719948786,2025-04-03 08:43:45,2025-04-07 02:26:38
227,The Indie Dish,"Burger, Ice Cream",395,9808101187,17:00 - 08:00,4,False,Closed,Ganesan Street,"Ground Floor, Ganesan Street, Hyderabad - 217473",3.8,"[{""code"": ""FIRSTORDER_227"", ""min_amount"": 273, ""discount_amount"": 72, ""description"": ""\u20b975 off on your first order above \u20b9300"", ""payment_method"": null}, {""code"": ""FESTIVAL_227"", ""min_amount"": 1393, ""discount_amount"": 271, ""description"": ""\u20b9300 off on orders above \u20b91500"", ""payment_method"": null}, {""code"": ""WELCOME_227"", ""min_amount"": 507, ""discount_amount"": 102, ""description"": ""\u20b9100 off on orders above \u20b9500"", ""payment_method"": null}, {""code"": ""SPECIAL_227"", ""min_amount"": 772, ""discount_amount"": 137, ""description"": ""\u20b9150 off on orders above \u20b9800"", ""payment_method"": null}, {""code"": ""CREDITCARD_227"", ""min_amount"": 691, ""discount_amount"": 164, ""description"": ""\u20b9150 off on orders above \u20b9750 with Credit Card"", ""payment_method"": ""CreditCard""}]",25.955523743651668,68.88765981336356,2024-02-11 08:09:31,2024-10-09 00:10:09
803,Wok & Roll,"Beverages, Ice Cream",1833,9594624179,13:00 - 21:00,12,True,Open,Karpe Ganj,"Ground Floor, Karpe Ganj, Bhopal - 727889",3.7,"[{""code"": ""WELCOME_803"", ""min_amount"": 484, ""discount_amount"": 104, ""description"": ""\u20b9100 off on orders above \u20b9500"", ""payment_method"": null}, {""code"": ""DEBITCARD_803"", ""min_amount"": 557, ""discount_amount"": 108, ""description"": ""\u20b9100 off on orders above \u20b9600 with Debit Card"", ""payment_method"": ""DebitCard""}, {""code"": ""UPISAVE_803"", ""min_amount"": 397, ""discount_amount"": 74, ""description"": ""\u20b980 off on orders above \u20b9400 with UPI"", ""payment_method"": ""UPI""}]",22.918826497082936,87.05239146573197,2023-10-07 15:58:54,2023-12-13 10:44:57
1706,Kathiyawadi Dhamaka Express,"Pizza, Bakery, Fast Food",1505,9214612220,14:00 - 06:00,25,True,Open,Saxena Marg,"Ground Floor, Saxena Marg, Rajkot - 758564",3.6,"[{""code"": ""CASHBACK_1706"", ""min_amount"": 535, ""discount_amount"": 75, ""description"": ""\u20b975 off on Cash payments above \u20b9500"", ""payment_method"": ""Cash""}, {""code"": ""SPECIAL_1706"", ""min_amount"": 780, ""discount_amount"": 138, ""description"": ""\u20b9150 off on orders above \u20b9800"", ""payment_method"": null}, {""code"": ""UPISAVE_1706"", ""min_amount"": 374, ""discount_amount"": 73, ""description"": ""\u20b980 off on orders above \u20b9400 with UPI"", ""payment_method"": ""UPI""}, {""code"": ""WELCOME_1706"", ""min_amount"": 455, ""discount_amount"": 97, ""description"": ""\u20b9100 off on orders above \u20b9500"", ""payment_method"": null}, {""code"": ""DEBITCARD_1706"", ""min_amount"": 579, ""discount_amount"": 108, ""description"": ""\u20b9100 off on orders above \u20b9600 with Debit Card"", ""payment_method"": ""DebitCard""}]",34.31616519109606,96.38302686214035,2023-01-10 05:05:26,2023-02-21 18:53:40
1112,Gujarati Delight,"Continental, Lebanese, Mediterranean",720,9319468387,10:00 - 20:00,16,True,Open,Kapadia Road,"Ground Floor, Kapadia Road, Surat - 335772",4.0,"[{""code"": ""CASHBACK_1112"", ""min_amount"": 511, ""discount_amount"": 80, ""description"": ""\u20b975 off on Cash payments above \u20b9500"", ""payment_method"": ""Cash""}, {""code"": ""FESTIVAL_1112"", ""min_amount"": 1573, ""discount_amount"": 288, ""description"": ""\u20b9300 off on orders above \u20b91500"", ""payment_method"": null}, {""code"": ""FIRSTORDER_1112"", ""min_amount"": 290, ""discount_amount"": 68, ""description"": ""\u20b975 off on your first order above \u20b9300"", ""payment_method"": null}, {""code"": ""UPISAVE_1112"", ""min_amount"": 407, ""discount_amount"": 80, ""description"": ""\u20b980 off on orders above \u20b9400 with UPI"", ""payment_method"": ""UPI""}, {""code"": ""DEBITCARD_1112"", ""min_amount"": 594, ""discount_amount"": 97, ""description"": ""\u20b9100 off on orders above \u20b9600 with Debit Card"", ""payment_method"": ""DebitCard""}]",12.22321879761309,87.14906563402303,2025-04-06 15:51:19,2025-04-19 18:10:56
680,Nomadic Table,"Fast Food, Cafe, Street Food",954,9267428725,19:00 - 07:00,10,True,Open,Vyas Road,"Second Floor, Vyas Road, Lucknow - 791453",3.7,"[{""code"": ""WELCOME_680"", ""min_amount"": 549, ""discount_amount"": 95, ""description"": ""\u20b9100 off on orders above \u20b9500"", ""payment_method"": null}, {""code"": ""CREDITCARD_680"", ""min_amount"": 705, ""discount_amount"": 141, ""description"": ""\u20b9150 off on orders above \u20b9750 with Credit Card"", ""payment_method"": ""CreditCard""}, {""code"": ""CASHBACK_680"", ""min_amount"": 546, ""discount_amount"": 79, ""description"": ""\u20b975 off on Cash payments above \u20b9500"", ""payment_method"": ""Cash""}, {""code"": ""WEEKEND_680"", ""min_amount"": 938, ""discount_amount"": 201, ""description"": ""\u20b9200 off on orders above \u20b91000"", ""payment_method"": null}, {""code"": ""DEBITCARD_680"", ""min_amount"": 610, ""discount_amount"": 107, ""description"": ""\u20b9100 off on orders above \u20b9600 with Debit Card"", ""payment_method"": ""DebitCard""}]",29.58444429633247,72.53294736292392,2022-09-28 16:23:46,2024-12-30 21:02:10
2588,Lavender & Latte,"Burger, Beverages, Lebanese",1313,9375988579,14:00 - 06:00,38,True,Open,Randhawa Chowk,"Third Floor, Randhawa Chowk, Kota - 874544",4.3,"[{""code"": ""FIRSTORDER_2588"", ""min_amount"": 328, ""discount_amount"": 72, ""description"": ""\u20b975 off on your first order above \u20b9300"", ""payment_method"": null}, {""code"": ""UPISAVE_2588"", ""min_amount"": 435, ""discount_amount"": 84, ""description"": ""\u20b980 off on orders above \u20b9400 with UPI"", ""payment_method"": ""UPI""}, {""code"": ""DEBITCARD_2588"", ""min_amount"": 605, ""discount_amount"": 104, ""description"": ""\u20b9100 off on orders above \u20b9600 with Debit Card"", ""payment_method"": ""DebitCard""}, {""code"": ""FESTIVAL_2588"", ""min_amount"": 1588, ""discount_amount"": 302, ""description"": ""\u20b9300 off on orders above \u20b91500"", ""payment_method"": null}]",28.269381078586896,92.23637811362036,2024-08-18 18:42:39,2025-02-08 02:16:41
237,Flavorscape,"Cafe, Chinese, Lebanese",1874,9312758864,18:00 - 09:00,4,True,Open,Kapur Circle," Kapur Circle, Hyderabad - 217473",3.8,"[{""code"": ""UPISAVE_237"", ""min_amount"": 397, ""discount_amount"": 87, ""description"": ""\u20b980 off on orders above \u20b9400 with UPI"", ""payment_method"": ""UPI""}, {""code"": ""SPECIAL_237"", ""min_amount"": 742, ""discount_amount"": 161, ""description"": ""\u20b9150 off on orders above \u20b9800"", ""payment_method"": null}, {""code"": ""FESTIVAL_237"", ""min_amount"": 1427, ""discount_amount"": 291, ""description"": ""\u20b9300 off on orders above \u20b91500"", ""payment_method"": null}, {""code"": ""WEEKEND_237"", ""min_amount"": 936, ""discount_amount"": 216, ""description"": ""\u20b9200 off on orders above \u20b91000"", ""payment_method"": null}, {""code"": ""DEBITCARD_237"", ""min_amount"": 579, ""discount_amount"": 107, ""description"": ""\u20b9100 off on orders above \u20b9600 with Debit Card"", ""payment_method"": ""DebitCard""}]",12.24842218691969,91.90689655622174,2021-08-22 05:39:46,2022-05-02 14:30:12
2029,Italiano Delights,"Lebanese, Ice Cream, Mexican",1810,9210976799,06:00 - 15:00,29,True,Open,Luthra Path,"Third Floor, Luthra Path, Dhanbad - 413445",4.4,"[{""code"": ""CREDITCARD_2029"", ""min_amount"": 737, ""discount_amount"": 153, ""description"": ""\u20b9150 off on orders above \u20b9750 with Credit Card"", ""payment_method"": ""CreditCard""}, {""code"": ""FESTIVAL_2029"", ""min_amount"": 1437, ""discount_amount"": 306, ""description"": ""\u20b9300 off on orders above \u20b91500"", ""payment_method"": null}, {""code"": ""CASHBACK_2029"", ""min_amount"": 486, ""discount_amount"": 80, ""description"": ""\u20b975 off on Cash payments above \u20b9500"", ""payment_method"": ""Cash""}]",32.475355136241234,69.08805601348497,2025-03-28 16:00:49,2025-04-19 04:08:22
2153,The Cozy Spoon,"Burger, Japanese",709,9777844021,20:00 - 07:00,31,True,Open,Ganesh Marg,"First Floor, Ganesh Marg, Surat - 508591",3.8,"[{""code"": ""WEEKEND_2153"", ""min_amount"": 972, ""discount_amount"": 199, ""description"": ""\u20b9200 off on orders above \u20b91000"", ""payment_method"": null}, {""code"": ""DEBITCARD_2153"", ""min_amount"": 584, ""discount_amount"": 102, ""description"": ""\u20b9100 off on orders above \u20b9600 with Debit Card"", ""payment_method"": ""DebitCard""}, {""code"": ""UPISAVE_2153"", ""min_amount"": 410, ""discount_amount"": 82, ""description"": ""\u20b980 off on orders above \u20b9400 with UPI"", ""payment_method"": ""UPI""}]",18.593980751319528,80.61205282020975,2023-01-14 06:10:38,2023-04-13 05:35:02
1737,Wokland,"Desserts, South Indian",1813,9513522376,19:00 - 03:00,26,True,Open,Menon Street,"Second Floor, Menon Street, Varanasi - 489201",,"[{""code"": ""FIRSTORDER_1737"", ""min_amount"": 284, ""discount_amount"": 71, ""description"": ""\u20b975 off on your first order above \u20b9300"", ""payment_method"": null}, {""code"": ""CASHBACK_1737"", ""min_amount"": 472, ""discount_amount"": 82, ""description"": ""\u20b975 off on Cash payments above \u20b9500"", ""payment_method"": ""Cash""}, {""code"": ""FESTIVAL_1737"", ""min_amount"": 1598, ""discount_amount"": 321, ""description"": ""\u20b9300 off on orders above \u20b91500"", ""payment_method"": null}, {""code"": ""WEEKEND_1737"", ""min_amount"": 993, ""discount_amount"": 197, ""description"": ""\u20b9200 off on orders above \u20b91000"", ""payment_method"": null}, {""code"": ""DEBITCARD_1737"", ""min_amount"": 612, ""discount_amount"": 90, ""description"": ""\u20b9100 off on orders above \u20b9600 with Debit Card"", ""payment_method"": ""DebitCard""}]",11.509150084172097,87.93355938913962,2025-04-10 11:59:30,2025-04-18 22:32:41
429,Amore Pizzeria,"Chinese, Japanese",210,9270068104,20:00 - 05:00,7,True,Open,Babu Path,"First Floor, Babu Path, Pune - 208246",3.9,"[{""code"": ""CASHBACK_429"", ""min_amount"": 539, ""discount_amount"": 67, ""description"": ""\u20b975 off on Cash payments above \u20b9500"", ""payment_method"": ""Cash""}, {""code"": ""WEEKEND_429"", ""min_amount"": 927, ""discount_amount"": 183, ""description"": ""\u20b9200 off on orders above \u20b91000"", ""payment_method"": null}, {""code"": ""SPECIAL_429"", ""min_amount"": 830, ""discount_amount"": 138, ""description"": ""\u20b9150 off on orders above \u20b9800"", ""payment_method"": null}, {""code"": ""UPISAVE_429"", ""min_amount"": 381, ""discount_amount"": 75, ""description"": ""\u20b980 off on orders above \u20b9400 with UPI"", ""payment_method"": ""UPI""}, {""code"": ""WELCOME_429"", ""min_amount"": 459, ""discount_amount"": 104, ""description"": ""\u20b9100 off on orders above \u20b9500"", ""payment_method"": null}]",26.09843460666398,84.00149176908836,2022-07-14 19:38:30,2023-04-09 14:30:31
16,Thayir Saadham Spot,"Mughlai, Cafe",1152,9574364121,15:00 - 07:00,1,True,Open,Guha Chowk,"Third Floor, Guha Chowk, Delhi - 780487",3.8,"[{""code"": ""WEEKEND_16"", ""min_amount"": 967, ""discount_amount"": 212, ""description"": ""\u20b9200 off on orders above \u20b91000"", ""payment_method"": null}, {""code"": ""SPECIAL_16"", ""min_amount"": 840, ""discount_amount"": 155, ""description"": ""\u20b9150 off on orders above \u20b9800"", ""payment_method"": null}, {""code"": ""CASHBACK_16"", ""min_amount"": 472, ""discount_amount"": 70, ""description"": ""\u20b975 off on Cash payments above \u20b9500"", ""payment_method"": ""Cash""}, {""code"": ""FIRSTORDER_16"", ""min_amount"": 271, ""discount_amount"": 71, ""description"": ""\u20b975 off on your first order above \u20b9300"", ""payment_method"": null}, {""code"": ""CREDITCARD_16"", ""min_amount"": 746, ""discount_amount"": 160, ""description"": ""\u20b9150 off on orders above \u20b9750 with Credit Card"", ""payment_method"": ""CreditCard""}]",31.577073653895265,96.10320370515068,2024-01-15 00:44:23,2024-04-18 04:50:44
1472,ChocoWhisk,"Ice Cream, Desserts, North Indian",802,9923075424,19:00 - 08:00,21,True,Open,Talwar Path,"Ground Floor, Talwar Path, Agra - 875179",3.8,"[{""code"": ""WELCOME_1472"", ""min_amount"": 480, ""discount_amount"": 92, ""description"": ""\u20b9100 off on orders above \u20b9500"", ""payment_method"": null}, {""code"": ""DEBITCARD_1472"", ""min_amount"": 567, ""discount_amount"": 107, ""description"": ""\u20b9100 off on orders above \u20b9600 with Debit Card"", ""payment_method"": ""DebitCard""}, {""code"": ""FESTIVAL_1472"", ""min_amount"": 1629, ""discount_amount"": 283, ""description"": ""\u20b9300 off on orders above \u20b91500"", ""payment_method"": null}]",35.28499402576416,88.7991811560514,2025-01-21 02:36:19,2025-03-08 18:38:45
2180,Bambaiya Zaika,"Mediterranean, South Indian, North Indian",646,9836161999,00:00 - 08:00,32,True,Open,Saraf Road," Saraf Road, Morbi - 776563",3.5,"[{""code"": ""WEEKEND_2180"", ""min_amount"": 1083, ""discount_amount"": 199, ""description"": ""\u20b9200 off on orders above \u20b91000"", ""payment_method"": null}, {""code"": ""UPISAVE_2180"", ""min_amount"": 414, ""discount_amount"": 86, ""description"": ""\u20b980 off on orders above \u20b9400 with UPI"", ""payment_method"": ""UPI""}, {""code"": ""CREDITCARD_2180"", ""min_amount"": 797, ""discount_amount"": 162, ""description"": ""\u20b9150 off on orders above \u20b9750 with Credit Card"", ""payment_method"": ""CreditCard""}, {""code"": ""DEBITCARD_2180"", ""min_amount"": 565, ""discount_amount"": 103, ""description"": ""\u20b9100 off on orders above \u20b9600 with Debit Card"", ""payment_method"": ""DebitCard""}, {""code"": ""WELCOME_2180"", ""min_amount"": 493, ""discount_amount"": 97, ""description"": ""\u20b9100 off on orders above \u20b9500"", ""payment_method"": null}]",29.88355840719416,78.27372574354038,2024-04-23 17:02:31,2024-06-30 13:19:50
1790,Tadka Treats,"Thai, Desserts",1671,9358726421,15:00 - 04:00,26,True,Open,Chander Marg,"Second Floor, Chander Marg, Varanasi - 489201",3.3,"[{""code"": ""SPECIAL_1790"", ""min_amount"": 863, ""discount_amount"": 157, ""description"": ""\u20b9150 off on orders above \u20b9800"", ""payment_method"": null}, {""code"": ""CREDITCARD_1790"", ""min_amount"": 740, ""discount_amount"": 147, ""description"": ""\u20b9150 off on orders above \u20b9750 with Credit Card"", ""payment_method"": ""CreditCard""}, {""code"": ""WELCOME_1790"", ""min_amount"": 548, ""discount_amount"": 98, ""description"": ""\u20b9100 off on orders above \u20b9500"", ""payment_method"": null}, {""code"": ""FESTIVAL_1790"", ""min_amount"": 1591, ""discount_amount"": 290, ""description"": ""\u20b9300 off on orders above \u20b91500"", ""payment_method"": null}, {""code"": ""UPISAVE_1790"", ""min_amount"": 428, ""discount_amount"": 86, ""description"": ""\u20b980 off on orders above \u20b9400 with UPI"", ""payment_method"": ""UPI""}]",26.47640529178737,93.96670184214533,2025-01-26 20:58:17,2025-03-13 06:06:42
1170,Asian Zaika,"Beverages, Cafe, Burger",673,9896012083,21:00 - 09:00,17,True,Open,Chauhan Nagar,"Second Floor, Chauhan Nagar, Nagpur - 462944",3.7,"[{""code"": ""FIRSTORDER_1170"", ""min_amount"": 298, ""discount_amount"": 69, ""description"": ""\u20b975 off on your first order above \u20b9300"", ""payment_method"": null}, {""code"": ""CREDITCARD_1170"", ""min_amount"": 709, ""discount_amount"": 154, ""description"": ""\u20b9150 off on orders above \u20b9750 with Credit Card"", ""payment_method"": ""CreditCard""}, {""code"": ""DEBITCARD_1170"", ""min_amount"": 549, ""discount_amount"": 99, ""description"": ""\u20b9100 off on orders above \u20b9600 with Debit Card"", ""payment_method"": ""DebitCard""}, {""code"": ""CASHBACK_1170"", ""min_amount"": 539, ""discount_amount"": 77, ""description"": ""\u20b975 off on Cash payments above \u20b9500"", ""payment_method"": ""Cash""}]",31.80993675074421,74.9470506887394,2023-09-02 13:43:00,2025-03-14 21:15:46
718,Sagebrush Table,"Ice Cream, Thai",1694,9297136511,15:00 - 06:00,11,False,Closed,Manne Nagar,"Ground Floor, Manne Nagar, Chandigarh - 549898",3.9,"[{""code"": ""FESTIVAL_718"", ""min_amount"": 1568, ""discount_amount"": 325, ""description"": ""\u20b9300 off on orders above \u20b91500"", ""payment_method"": null}, {""code"": ""CASHBACK_718"", ""min_amount"": 515, ""discount_amount"": 81, ""description"": ""\u20b975 off on Cash payments above \u20b9500"", ""payment_method"": ""Cash""}, {""code"": ""UPISAVE_718"", ""min_amount"": 436, ""discount_amount"": 86, ""description"": ""\u20b980 off on orders above \u20b9400 with UPI"", ""payment_method"": ""UPI""}, {""code"": ""CREDITCARD_718"", ""min_amount"": 723, ""discount_amount"": 140, ""description"": ""\u20b9150 off on orders above \u20b9750 with Credit Card"", ""payment_method"": ""CreditCard""}]",27.246272803009724,73.711923765077,2024-11-19 17:55:21,2024-12-05 06:42:51
506,Rajwadi Delight,"Desserts, Mughlai",1762,9222745854,16:00 - 04:00,8,True,Open,Mahajan Chowk,"Third Floor, Mahajan Chowk, Ahmedabad - 639903",4.1,"[{""code"": ""UPISAVE_506"", ""min_amount"": 374, ""discount_amount"": 75, ""description"": ""\u20b980 off on orders above \u20b9400 with UPI"", ""payment_method"": ""UPI""}, {""code"": ""WELCOME_506"", ""min_amount"": 486, ""discount_amount"": 100, ""description"": ""\u20b9100 off on orders above \u20b9500"", ""payment_method"": null}, {""code"": ""SPECIAL_506"", ""min_amount"": 720, ""discount_amount"": 152, ""description"": ""\u20b9150 off on orders above \u20b9800"", ""payment_method"": null}, {""code"": ""FIRSTORDER_506"", ""min_amount"": 293, ""discount_amount"": 68, ""description"": ""\u20b975 off on your first order above \u20b9300"", ""payment_method"": null}]",25.830615114423864,83.94898820218296,2023-09-03 03:30:51,2025-01-17 13:39:49
2607,Yaki & Co.,"Mexican, Street Food",598,9444604076,19:00 - 08:00,38,True,Open,Kant Path,"Second Floor, Kant Path, Kota - 874544",4.0,"[{""code"": ""SPECIAL_2607"", ""min_amount"": 875, ""discount_amount"": 142, ""description"": ""\u20b9150 off on orders above \u20b9800"", ""payment_method"": null}, {""code"": ""CREDITCARD_2607"", ""min_amount"": 814, ""discount_amount"": 143, ""description"": ""\u20b9150 off on orders above \u20b9750 with Credit Card"", ""payment_method"": ""CreditCard""}, {""code"": ""WEEKEND_2607"", ""min_amount"": 1009, ""discount_amount"": 185, ""description"": ""\u20b9200 off on orders above \u20b91000"", ""payment_method"": null}, {""code"": ""WELCOME_2607"", ""min_amount"": 478, ""discount_amount"": 90, ""description"": ""\u20b9100 off on orders above \u20b9500"", ""payment_method"": null}]",26.95384433505565,86.35455626613614,2023-02-05 19:42:52,2024-04-17 21:06:54
1597,Peshawari Kitchen,"Street Food, Burger, Mughlai",1024,9638293860,14:00 - 05:00,24,True,Open,Keer Ganj,"Ground Floor, Keer Ganj, Meerut - 417419",3.8,"[{""code"": ""CREDITCARD_1597"", ""min_amount"": 718, ""discount_amount"": 151, ""description"": ""\u20b9150 off on orders above \u20b9750 with Credit Card"", ""payment_method"": ""CreditCard""}, {""code"": ""WEEKEND_1597"", ""min_amount"": 914, ""discount_amount"": 194, ""description"": ""\u20b9200 off on orders above \u20b91000"", ""payment_method"": null}, {""code"": ""UPISAVE_1597"", ""min_amount"": 423, ""discount_amount"": 81, ""description"": ""\u20b980 off on orders above \u20b9400 with UPI"", ""payment_method"": ""UPI""}, {""code"": ""FIRSTORDER_1597"", ""min_amount"": 300, ""discount_amount"": 75, ""description"": ""\u20b975 off on your first order above \u20b9300"", ""payment_method"": null}]",12.073408628027572,93.19942683104722,2023-06-24 11:42:44,2024-08-09 22:15:39
36,Nagpuri Saoji Express,"South Indian, Continental",1228,9414673482,10:00 - 01:00,1,True,Open,Ramaswamy Ganj,"Ground Floor, Ramaswamy Ganj, Delhi - 780487",3.8,"[{""code"": ""WEEKEND_36"", ""min_amount"": 914, ""discount_amount"": 211, ""description"": ""\u20b9200 off on orders above \u20b91000"", ""payment_method"": null}, {""code"": ""DEBITCARD_36"", ""min_amount"": 571, ""discount_amount"": 102, ""description"": ""\u20b9100 off on orders above \u20b9600 with Debit Card"", ""payment_method"": ""DebitCard""}, {""code"": ""UPISAVE_36"", ""min_amount"": 391, ""discount_amount"": 73, ""description"": ""\u20b980 off on orders above \u20b9400 with UPI"", ""payment_method"": ""UPI""}, {""code"": ""CREDITCARD_36"", ""min_amount"": 724, ""discount_amount"": 155, ""description"": ""\u20b9150 off on orders above \u20b9750 with Credit Card"", ""payment_method"": ""CreditCard""}, {""code"": ""SPECIAL_36"", ""min_amount"": 805, ""discount_amount"": 163, ""description"": ""\u20b9150 off on orders above \u20b9800"", ""payment_method"": null}]",23.7577717347808,81.74529652623961,2024-07-01 13:01:03,2024-07-22 03:14:31
1344,Kaizen Kitchen,"Thai, South Indian, Fast Food",1083,9670685169,12:00 - 03:00,19,True,Open,Chakrabarti Circle,"First Floor, Chakrabarti Circle, Vadodara - 998662",3.7,"[{""code"": ""CASHBACK_1344"", ""min_amount"": 499, ""discount_amount"": 78, ""description"": ""\u20b975 off on Cash payments above \u20b9500"", ""payment_method"": ""Cash""}, {""code"": ""CREDITCARD_1344"", ""min_amount"": 747, ""discount_amount"": 143, ""description"": ""\u20b9150 off on orders above \u20b9750 with Credit Card"", ""payment_method"": ""CreditCard""}, {""code"": ""UPISAVE_1344"", ""min_amount"": 413, ""discount_amount"": 87, ""description"": ""\u20b980 off on orders above \u20b9400 with UPI"", ""payment_method"": ""UPI""}, {""code"": ""SPECIAL_1344"", ""min_amount"": 799, ""discount_amount"": 135, ""description"": ""\u20b9150 off on orders above \u20b9800"", ""payment_method"": null}, {""code"": ""DEBITCARD_1344"", ""min_amount"": 596, ""discount_amount"": 101, ""description"": ""\u20b9100 off on orders above \u20b9600 with Debit Card"", ""payment_method"": ""DebitCard""}]",36.420884330308,91.92065936269304,2024-08-09 00:30:02,2024-11-11 06:13:45
2518,Desi Flavors Hub,Japanese,1571,9718059411,14:00 - 04:00,37,True,Open,Halder Path,"First Floor, Halder Path, Himatnagar - 775822",4.3,"[{""code"": ""CASHBACK_2518"", ""min_amount"": 513, ""discount_amount"": 79, ""description"": ""\u20b975 off on Cash payments above \u20b9500"", ""payment_method"": ""Cash""}, {""code"": ""WEEKEND_2518"", ""min_amount"": 1011, ""discount_amount"": 215, ""description"": ""\u20b9200 off on orders above \u20b91000"", ""payment_method"": null}, {""code"": ""SPECIAL_2518"", ""min_amount"": 795, ""discount_amount"": 149, ""description"": ""\u20b9150 off on orders above \u20b9800"", ""payment_method"": null}, {""code"": ""CREDITCARD_2518"", ""min_amount"": 705, ""discount_amount"": 153, ""description"": ""\u20b9150 off on orders above \u20b9750 with Credit Card"", ""payment_method"": ""CreditCard""}, {""code"": ""DEBITCARD_2518"", ""min_amount"": 643, ""discount_amount"": 94, ""description"": ""\u20b9100 off on orders above \u20b9600 with Debit Card"", ""payment_method"": ""DebitCard""}]",9.526903256234087,96.89231095720709,2024-08-15 18:18:13,2025-02-08 12:36:16
2482,The Test Kitchen,"Lebanese, Ice Cream, Mediterranean",560,9464086524,20:00 - 06:00,36,True,Open,Deo Street,"Ground Floor, Deo Street, Porbandar - 789514",3.7,"[{""code"": ""CASHBACK_2482"", ""min_amount"": 494, ""discount_amount"": 81, ""description"": ""\u20b975 off on Cash payments above \u20b9500"", ""payment_method"": ""Cash""}, {""code"": ""WEEKEND_2482"", ""min_amount"": 1047, ""discount_amount"": 199, ""description"": ""\u20b9200 off on orders above \u20b91000"", ""payment_method"": null}, {""code"": ""WELCOME_2482"", ""min_amount"": 454, ""discount_amount"": 105, ""description"": ""\u20b9100 off on orders above \u20b9500"", ""payment_method"": null}, {""code"": ""UPISAVE_2482"", ""min_amount"": 373, ""discount_amount"": 75, ""description"": ""\u20b980 off on orders above \u20b9400 with UPI"", ""payment_method"": ""UPI""}, {""code"": ""FIRSTORDER_2482"", ""min_amount"": 316, ""discount_amount"": 80, ""description"": ""\u20b975 off on your first order above \u20b9300"", ""payment_method"": null}]",10.054262223411484,82.74906182901609,2021-11-28 19:42:36,2022-01-02 05:29:34
1184,Ahmedabadi Tandoor Express,"Mexican, North Indian, Burger",1735,9337674118,01:00 - 13:00,17,False,Closed,Sankar," Sankar, Nagpur - 462944",3.9,"[{""code"": ""WEEKEND_1184"", ""min_amount"": 979, ""discount_amount"": 208, ""description"": ""\u20b9200 off on orders above \u20b91000"", ""payment_method"": null}, {""code"": ""CREDITCARD_1184"", ""min_amount"": 691, ""discount_amount"": 158, ""description"": ""\u20b9150 off on orders above \u20b9750 with Credit Card"", ""payment_method"": ""CreditCard""}, {""code"": ""CASHBACK_1184"", ""min_amount"": 507, ""discount_amount"": 79, ""description"": ""\u20b975 off on Cash payments above \u20b9500"", ""payment_method"": ""Cash""}, {""code"": ""UPISAVE_1184"", ""min_amount"": 413, ""discount_amount"": 84, ""description"": ""\u20b980 off on orders above \u20b9400 with UPI"", ""payment_method"": ""UPI""}, {""code"": ""WELCOME_1184"", ""min_amount"": 542, ""discount_amount"": 98, ""description"": ""\u20b9100 off on orders above \u20b9500"", ""payment_method"": null}]",9.37655213680365,84.20253665072616,2024-03-07 06:19:44,2024-08-08 16:13:36
27,Hyderabadi Biryani House,Cafe,1939,9262158936,20:00 - 05:00,1,True,Open,Sem Marg,"First Floor, Sem Marg, Delhi - 780487",3.9,"[{""code"": ""WELCOME_27"", ""min_amount"": 547, ""discount_amount"": 101, ""description"": ""\u20b9100 off on orders above \u20b9500"", ""payment_method"": null}, {""code"": ""WEEKEND_27"", ""min_amount"": 1039, ""discount_amount"": 185, ""description"": ""\u20b9200 off on orders above \u20b91000"", ""payment_method"": null}, {""code"": ""UPISAVE_27"", ""min_amount"": 429, ""discount_amount"": 79, ""description"": ""\u20b980 off on orders above \u20b9400 with UPI"", ""payment_method"": ""UPI""}, {""code"": ""CASHBACK_27"", ""min_amount"": 537, ""discount_amount"": 76, ""description"": ""\u20b975 off on Cash payments above \u20b9500"", ""payment_method"": ""Cash""}]",17.050396727342218,79.00315452421498,2024-05-26 05:20:41,2024-06-06 13:40:36
1081,Desi Gujju Tadka Express,"Street Food, Continental",1161,9200862648,21:00 - 06:00,16,True,Open,Kala Nagar," Kala Nagar, Surat - 335772",3.5,"[{""code"": ""CREDITCARD_1081"", ""min_amount"": 735, ""discount_amount"": 148, ""description"": ""\u20b9150 off on orders above \u20b9750 with Credit Card"", ""payment_method"": ""CreditCard""}, {""code"": ""DEBITCARD_1081"", ""min_amount"": 575, ""discount_amount"": 102, ""description"": ""\u20b9100 off on orders above \u20b9600 with Debit Card"", ""payment_method"": ""DebitCard""}, {""code"": ""WEEKEND_1081"", ""min_amount"": 1044, ""discount_amount"": 195, ""description"": ""\u20b9200 off on orders above \u20b91000"", ""payment_method"": null}, {""code"": ""FESTIVAL_1081"", ""min_amount"": 1606, ""discount_amount"": 281, ""description"": ""\u20b9300 off on orders above \u20b91500"", ""payment_method"": null}]",25.410875138805707,82.2537342391387,2025-03-15 11:21:57,2025-03-25 16:42:01
150,InnovEat,Cafe,310,9637383490,13:00 - 05:00,3,True,Open,Sathe,"Second Floor, Sathe, Bangalore - 344053",4.1,"[{""code"": ""WEEKEND_150"", ""min_amount"": 981, ""discount_amount"": 202, ""description"": ""\u20b9200 off on orders above \u20b91000"", ""payment_method"": null}, {""code"": ""FESTIVAL_150"", ""min_amount"": 1621, ""discount_amount"": 297, ""description"": ""\u20b9300 off on orders above \u20b91500"", ""payment_method"": null}, {""code"": ""CASHBACK_150"", ""min_amount"": 481, ""discount_amount"": 78, ""description"": ""\u20b975 off on Cash payments above \u20b9500"", ""payment_method"": ""Cash""}]",20.462731817205324,93.56274312837829,2025-02-17 13:30:08,2025-04-05 22:08:33
539,Sabudana House,"Lebanese, Mediterranean, Fast Food",1735,9331114972,15:00 - 00:00,8,True,Open,Kala Marg," Kala Marg, Ahmedabad - 639903",4.1,"[{""code"": ""UPISAVE_539"", ""min_amount"": 390, ""discount_amount"": 78, ""description"": ""\u20b980 off on orders above \u20b9400 with UPI"", ""payment_method"": ""UPI""}, {""code"": ""WELCOME_539"", ""min_amount"": 546, ""discount_amount"": 92, ""description"": ""\u20b9100 off on orders above \u20b9500"", ""payment_method"": null}, {""code"": ""CASHBACK_539"", ""min_amount"": 486, ""discount_amount"": 72, ""description"": ""\u20b975 off on Cash payments above \u20b9500"", ""payment_method"": ""Cash""}]",18.90786759225268,75.98837352264219,2024-11-02 22:45:44,2024-12-24 01:13:54
584,Fafda Jalebi Corner,"Mughlai, Chinese, Continental",1393,9983685677,01:00 - 14:00,9,True,Open,Boase Marg,"Ground Floor, Boase Marg, Jaipur - 698508",4.1,"[{""code"": ""FESTIVAL_584"", ""min_amount"": 1377, ""discount_amount"": 327, ""description"": ""\u20b9300 off on orders above \u20b91500"", ""payment_method"": null}, {""code"": ""SPECIAL_584"", ""min_amount"": 720, ""discount_amount"": 158, ""description"": ""\u20b9150 off on orders above \u20b9800"", ""payment_method"": null}, {""code"": ""UPISAVE_584"", ""min_amount"": 378, ""discount_amount"": 72, ""description"": ""\u20b980 off on orders above \u20b9400 with UPI"", ""payment_method"": ""UPI""}]",26.286903345300026,70.30355116802018,2025-01-23 09:46:12,2025-01-25 17:17:25
512,Nagpuri Saoji,"Japanese, North Indian, Mexican",949,9425560046,19:00 - 03:00,8,True,Open,Sundaram Path,"Second Floor, Sundaram Path, Ahmedabad - 639903",3.9,"[{""code"": ""FIRSTORDER_512"", ""min_amount"": 310, ""discount_amount"": 76, ""description"": ""\u20b975 off on your first order above \u20b9300"", ""payment_method"": null}, {""code"": ""WEEKEND_512"", ""min_amount"": 1081, ""discount_amount"": 207, ""description"": ""\u20b9200 off on orders above \u20b91000"", ""payment_method"": null}, {""code"": ""UPISAVE_512"", ""min_amount"": 381, ""discount_amount"": 78, ""description"": ""\u20b980 off on orders above \u20b9400 with UPI"", ""payment_method"": ""UPI""}, {""code"": ""CASHBACK_512"", ""min_amount"": 451, ""discount_amount"": 73, ""description"": ""\u20b975 off on Cash payments above \u20b9500"", ""payment_method"": ""Cash""}]",25.14141167260123,74.84422455145813,2023-08-11 15:35:59,2025-03-19 14:34:48
2555,ChocoWhisk,"Beverages, Fast Food",1549,9211639531,18:00 - 06:00,38,True,Open,Mand Circle,"Ground Floor, Mand Circle, Kota - 874544",4.2,"[{""code"": ""UPISAVE_2555"", ""min_amount"": 437, ""discount_amount"": 83, ""description"": ""\u20b980 off on orders above \u20b9400 with UPI"", ""payment_method"": ""UPI""}, {""code"": ""CREDITCARD_2555"", ""min_amount"": 719, ""discount_amount"": 136, ""description"": ""\u20b9150 off on orders above \u20b9750 with Credit Card"", ""payment_method"": ""CreditCard""}, {""code"": ""FESTIVAL_2555"", ""min_amount"": 1477, ""discount_amount"": 319, ""description"": ""\u20b9300 off on orders above \u20b91500"", ""payment_method"": null}]",20.28595518648089,84.44325595778797,2024-12-15 08:54:45,2025-04-01 07:59:22
49,Barista’s Bite,North Indian,259,9293720285,12:00 - 01:00,1,True,Open,Vyas Zila,"Second Floor, Vyas Zila, Delhi - 780487",3.8,"[{""code"": ""DEBITCARD_49"", ""min_amount"": 551, ""discount_amount"": 100, ""description"": ""\u20b9100 off on orders above \u20b9600 with Debit Card"", ""payment_method"": ""DebitCard""}, {""code"": ""SPECIAL_49"", ""min_amount"": 780, ""discount_amount"": 148, ""description"": ""\u20b9150 off on orders above \u20b9800"", ""payment_method"": null}, {""code"": ""UPISAVE_49"", ""min_amount"": 372, ""discount_amount"": 76, ""description"": ""\u20b980 off on orders above \u20b9400 with UPI"", ""payment_method"": ""UPI""}, {""code"": ""CREDITCARD_49"", ""min_amount"": 723, ""discount_amount"": 163, ""description"": ""\u20b9150 off on orders above \u20b9750 with Credit Card"", ""payment_method"": ""CreditCard""}, {""code"": ""WELCOME_49"", ""min_amount"": 509, ""discount_amount"": 107, ""description"": ""\u20b9100 off on orders above \u20b9500"", ""payment_method"": null}]",8.578289050586834,93.53458027161533,2023-12-09 13:33:04,2024-04-15 07:22:40
77,Mysore Spice,"Bakery, Desserts, Burger",362,9148644109,08:00 - 23:00,2,True,Open,Wali Nagar," Wali Nagar, Mumbai - 887572",4.3,"[{""code"": ""WEEKEND_77"", ""min_amount"": 978, ""discount_amount"": 204, ""description"": ""\u20b9200 off on orders above \u20b91000"", ""payment_method"": null}, {""code"": ""CREDITCARD_77"", ""min_amount"": 801, ""discount_amount"": 152, ""description"": ""\u20b9150 off on orders above \u20b9750 with Credit Card"", ""payment_method"": ""CreditCard""}, {""code"": ""FIRSTORDER_77"", ""min_amount"": 300, ""discount_amount"": 75, ""description"": ""\u20b975 off on your first order above \u20b9300"", ""payment_method"": null}, {""code"": ""CASHBACK_77"", ""min_amount"": 498, ""discount_amount"": 75, ""description"": ""\u20b975 off on Cash payments above \u20b9500"", ""payment_method"": ""Cash""}, {""code"": ""SPECIAL_77"", ""min_amount"": 795, ""discount_amount"": 135, ""description"": ""\u20b9150 off on orders above \u20b9800"", ""payment_method"": null}]",21.74406593105992,86.00873791462861,2025-01-17 10:03:31,2025-04-02 04:30:32
436,Chinese Wok Hub,"Mughlai, Street Food, Beverages",874,9838650189,21:00 - 09:00,7,True,Open,Dubey Circle,"First Floor, Dubey Circle, Pune - 208246",3.4,"[{""code"": ""WEEKEND_436"", ""min_amount"": 929, ""discount_amount"": 203, ""description"": ""\u20b9200 off on orders above \u20b91000"", ""payment_method"": null}, {""code"": ""CREDITCARD_436"", ""min_amount"": 802, ""discount_amount"": 161, ""description"": ""\u20b9150 off on orders above \u20b9750 with Credit Card"", ""payment_method"": ""CreditCard""}, {""code"": ""DEBITCARD_436"", ""min_amount"": 616, ""discount_amount"": 103, ""description"": ""\u20b9100 off on orders above \u20b9600 with Debit Card"", ""payment_method"": ""DebitCard""}]",35.405865490605606,85.35758897962278,2022-12-17 10:08:06,2025-04-02 11:36:08
2620,Toscano Café,"Ice Cream, Cafe",1091,9420329194,11:00 - 03:00,38,True,Open,Ben Street,"Second Floor, Ben Street, Kota - 874544",3.8,"[{""code"": ""WEEKEND_2620"", ""min_amount"": 929, ""discount_amount"": 219, ""description"": ""\u20b9200 off on orders above \u20b91000"", ""payment_method"": null}, {""code"": ""UPISAVE_2620"", ""min_amount"": 409, ""discount_amount"": 72, ""description"": ""\u20b980 off on orders above \u20b9400 with UPI"", ""payment_method"": ""UPI""}, {""code"": ""CASHBACK_2620"", ""min_amount"": 524, ""discount_amount"": 71, ""description"": ""\u20b975 off on Cash payments above \u20b9500"", ""payment_method"": ""Cash""}, {""code"": ""CREDITCARD_2620"", ""min_amount"": 804, ""discount_amount"": 151, ""description"": ""\u20b9150 off on orders above \u20b9750 with Credit Card"", ""payment_method"": ""CreditCard""}]",23.03711593137323,73.6862085541221,2024-01-18 05:53:17,2025-01-13 10:03:27
330,Thayir Saadham Spot,Bakery,1500,9546322131,01:00 - 13:00,5,True,Open,Kulkarni Road,"First Floor, Kulkarni Road, Chennai - 681858",3.4,"[{""code"": ""UPISAVE_330"", ""min_amount"": 433, ""discount_amount"": 74, ""description"": ""\u20b980 off on orders above \u20b9400 with UPI"", ""payment_method"": ""UPI""}, {""code"": ""CREDITCARD_330"", ""min_amount"": 813, ""discount_amount"": 153, ""description"": ""\u20b9150 off on orders above \u20b9750 with Credit Card"", ""payment_method"": ""CreditCard""}, {""code"": ""WELCOME_330"", ""min_amount"": 450, ""discount_amount"": 90, ""description"": ""\u20b9100 off on orders above \u20b9500"", ""payment_method"": null}]",27.738489212872395,77.88277207764634,2023-03-05 00:40:15,2023-06-23 02:56:41
287,Food Carnival,"Desserts, Mughlai, Italian",1850,9295273555,11:00 - 00:00,5,True,Open,Ganesan Ganj,"Third Floor, Ganesan Ganj, Chennai - 681858",3.3,"[{""code"": ""WEEKEND_287"", ""min_amount"": 940, ""discount_amount"": 205, ""description"": ""\u20b9200 off on orders above \u20b91000"", ""payment_method"": null}, {""code"": ""FIRSTORDER_287"", ""min_amount"": 328, ""discount_amount"": 68, ""description"": ""\u20b975 off on your first order above \u20b9300"", ""payment_method"": null}, {""code"": ""CASHBACK_287"", ""min_amount"": 535, ""discount_amount"": 70, ""description"": ""\u20b975 off on Cash payments above \u20b9500"", ""payment_method"": ""Cash""}, {""code"": ""FESTIVAL_287"", ""min_amount"": 1429, ""discount_amount"": 287, ""description"": ""\u20b9300 off on orders above \u20b91500"", ""payment_method"": null}]",23.08084085952155,90.538006360113,2023-04-18 22:03:42,2023-06-23 21:52:18
1014,Rajputana Kitchen,"Continental, Street Food",1005,9817603366,19:00 - 03:00,14,True,Open,Sabharwal Nagar,"First Floor, Sabharwal Nagar, Kochi - 277414",4.0,"[{""code"": ""CREDITCARD_1014"", ""min_amount"": 708, ""discount_amount"": 144, ""description"": ""\u20b9150 off on orders above \u20b9750 with Credit Card"", ""payment_method"": ""CreditCard""}, {""code"": ""FIRSTORDER_1014"", ""min_amount"": 292, ""discount_amount"": 82, ""description"": ""\u20b975 off on your first order above \u20b9300"", ""payment_method"": null}, {""code"": ""CASHBACK_1014"", ""min_amount"": 487, ""discount_amount"": 75, ""description"": ""\u20b975 off on Cash payments above \u20b9500"", ""payment_method"": ""Cash""}, {""code"": ""SPECIAL_1014"", ""min_amount"": 820, ""discount_amount"": 142, ""description"": ""\u20b9150 off on orders above \u20b9800"", ""payment_method"": null}, {""code"": ""DEBITCARD_1014"", ""min_amount"": 569, ""discount_amount"": 98, ""description"": ""\u20b9100 off on orders above \u20b9600 with Debit Card"", ""payment_method"": ""DebitCard""}]",24.89609822803809,71.23319115610595,2023-07-25 07:08:42,2025-01-31 02:01:39
1887,Puneri Misal Express Delight,"Thai, Beverages",403,9958903426,13:00 - 23:00,27,True,Open,Subramaniam,"First Floor, Subramaniam, Srinagar - 848797",3.8,"[{""code"": ""UPISAVE_1887"", ""min_amount"": 406, ""discount_amount"": 78, ""description"": ""\u20b980 off on orders above \u20b9400 with UPI"", ""payment_method"": ""UPI""}, {""code"": ""WELCOME_1887"", ""min_amount"": 453, ""discount_amount"": 91, ""description"": ""\u20b9100 off on orders above \u20b9500"", ""payment_method"": null}, {""code"": ""CASHBACK_1887"", ""min_amount"": 520, ""discount_amount"": 68, ""description"": ""\u20b975 off on Cash payments above \u20b9500"", ""payment_method"": ""Cash""}, {""code"": ""CREDITCARD_1887"", ""min_amount"": 697, ""discount_amount"": 161, ""description"": ""\u20b9150 off on orders above \u20b9750 with Credit Card"", ""payment_method"": ""CreditCard""}]",37.40724542079855,92.04243092308056,2025-03-27 02:31:52,2025-04-10 06:27:55
2188,Gnocchi Junction,"North Indian, Pizza",1742,9709274948,14:00 - 01:00,32,True,Open,Dugar Zila,"First Floor, Dugar Zila, Morbi - 776563",3.9,"[{""code"": ""FIRSTORDER_2188"", ""min_amount"": 324, ""discount_amount"": 77, ""description"": ""\u20b975 off on your first order above \u20b9300"", ""payment_method"": null}, {""code"": ""DEBITCARD_2188"", ""min_amount"": 656, ""discount_amount"": 96, ""description"": ""\u20b9100 off on orders above \u20b9600 with Debit Card"", ""payment_method"": ""DebitCard""}, {""code"": ""UPISAVE_2188"", ""min_amount"": 408, ""discount_amount"": 78, ""description"": ""\u20b980 off on orders above \u20b9400 with UPI"", ""payment_method"": ""UPI""}, {""code"": ""WELCOME_2188"", ""min_amount"": 498, ""discount_amount"": 95, ""description"": ""\u20b9100 off on orders above \u20b9500"", ""payment_method"": null}, {""code"": ""CASHBACK_2188"", ""min_amount"": 498, ""discount_amount"": 82, ""description"": ""\u20b975 off on Cash payments above \u20b9500"", ""payment_method"": ""Cash""}]",16.39668800289099,70.4234902036383,2024-10-24 06:13:30,2025-01-05 08:10:27
508,Galactic Graze,"Street Food, Thai",1657,9188734530,10:00 - 00:00,8,True,Open,Sidhu Chowk,"Ground Floor, Sidhu Chowk, Ahmedabad - 639903",3.3,"[{""code"": ""DEBITCARD_508"", ""min_amount"": 590, ""discount_amount"": 91, ""description"": ""\u20b9100 off on orders above \u20b9600 with Debit Card"", ""payment_method"": ""DebitCard""}, {""code"": ""UPISAVE_508"", ""min_amount"": 393, ""discount_amount"": 83, ""description"": ""\u20b980 off on orders above \u20b9400 with UPI"", ""payment_method"": ""UPI""}, {""code"": ""WELCOME_508"", ""min_amount"": 461, ""discount_amount"": 106, ""description"": ""\u20b9100 off on orders above \u20b9500"", ""payment_method"": null}, {""code"": ""FESTIVAL_508"", ""min_amount"": 1622, ""discount_amount"": 300, ""description"": ""\u20b9300 off on orders above \u20b91500"", ""payment_method"": null}, {""code"": ""CREDITCARD_508"", ""min_amount"": 792, ""discount_amount"": 156, ""description"": ""\u20b9150 off on orders above \u20b9750 with Credit Card"", ""payment_method"": ""CreditCard""}]",13.097806353237871,72.37551301872118,2024-04-03 03:08:48,2024-07-31 18:34:16
1551,Lasagna Land,"Lebanese, North Indian, Beverages",779,9181377112,07:00 - 16:00,23,False,Closed,Nagarajan Nagar," Nagarajan Nagar, Faridabad - 506922",3.6,"[{""code"": ""CREDITCARD_1551"", ""min_amount"": 723, ""discount_amount"": 144, ""description"": ""\u20b9150 off on orders above \u20b9750 with Credit Card"", ""payment_method"": ""CreditCard""}, {""code"": ""WELCOME_1551"", ""min_amount"": 502, ""discount_amount"": 100, ""description"": ""\u20b9100 off on orders above \u20b9500"", ""payment_method"": null}, {""code"": ""FESTIVAL_1551"", ""min_amount"": 1399, ""discount_amount"": 287, ""description"": ""\u20b9300 off on orders above \u20b91500"", ""payment_method"": null}]",23.63965166066249,90.94919551849456,2025-02-13 11:24:59,2025-03-04 11:52:07
12,Wada Pav Junction Delight,"Pizza, South Indian",1714,9491541578,18:00 - 07:00,1,False,Closed,Chada Circle,"First Floor, Chada Circle, Delhi - 780487",3.8,"[{""code"": ""CASHBACK_12"", ""min_amount"": 465, ""discount_amount"": 81, ""description"": ""\u20b975 off on Cash payments above \u20b9500"", ""payment_method"": ""Cash""}, {""code"": ""DEBITCARD_12"", ""min_amount"": 643, ""discount_amount"": 109, ""description"": ""\u20b9100 off on orders above \u20b9600 with Debit Card"", ""payment_method"": ""DebitCard""}, {""code"": ""FIRSTORDER_12"", ""min_amount"": 318, ""discount_amount"": 80, ""description"": ""\u20b975 off on your first order above \u20b9300"", ""payment_method"": null}, {""code"": ""CREDITCARD_12"", ""min_amount"": 678, ""discount_amount"": 157, ""description"": ""\u20b9150 off on orders above \u20b9750 with Credit Card"", ""payment_method"": ""CreditCard""}]",28.31634729866884,87.74094887364475,2024-10-04 05:09:23,2024-12-30 17:57:12
566,Dumpling Delight,"Cafe, Desserts, Lebanese",1219,9907618161,18:00 - 10:00,9,True,Open,Choudhary,"Ground Floor, Choudhary, Jaipur - 698508",3.6,"[{""code"": ""CASHBACK_566"", ""min_amount"": 503, ""discount_amount"": 68, ""description"": ""\u20b975 off on Cash payments above \u20b9500"", ""payment_method"": ""Cash""}, {""code"": ""WEEKEND_566"", ""min_amount"": 960, ""discount_amount"": 187, ""description"": ""\u20b9200 off on orders above \u20b91000"", ""payment_method"": null}, {""code"": ""CREDITCARD_566"", ""min_amount"": 819, ""discount_amount"": 136, ""description"": ""\u20b9150 off on orders above \u20b9750 with Credit Card"", ""payment_method"": ""CreditCard""}, {""code"": ""UPISAVE_566"", ""min_amount"": 426, ""discount_amount"": 85, ""description"": ""\u20b980 off on orders above \u20b9400 with UPI"", ""payment_method"": ""UPI""}, {""code"": ""WELCOME_566"", ""min_amount"": 523, ""discount_amount"": 100, ""description"": ""\u20b9100 off on orders above \u20b9500"", ""payment_method"": null}]",13.891903946146158,71.24630305929684,2024-03-24 08:58:13,2024-11-25 16:49:25
1204,Ichigo House,Fast Food,342,9507637897,18:00 - 09:00,17,True,Open,Rao Path,"First Floor, Rao Path, Nagpur - 462944",4.1,"[{""code"": ""DEBITCARD_1204"", ""min_amount"": 588, ""discount_amount"": 109, ""description"": ""\u20b9100 off on orders above \u20b9600 with Debit Card"", ""payment_method"": ""DebitCard""}, {""code"": ""WEEKEND_1204"", ""min_amount"": 1030, ""discount_amount"": 186, ""description"": ""\u20b9200 off on orders above \u20b91000"", ""payment_method"": null}, {""code"": ""SPECIAL_1204"", ""min_amount"": 752, ""discount_amount"": 141, ""description"": ""\u20b9150 off on orders above \u20b9800"", ""payment_method"": null}, {""code"": ""CREDITCARD_1204"", ""min_amount"": 777, ""discount_amount"": 158, ""description"": ""\u20b9150 off on orders above \u20b9750 with Credit Card"", ""payment_method"": ""CreditCard""}, {""code"": ""WELCOME_1204"", ""min_amount"": 455, ""discount_amount"": 92, ""description"": ""\u20b9100 off on orders above \u20b9500"", ""payment_method"": null}]",37.259994891596136,72.21743722380675,2023-05-28 19:16:17,2025-03-14 06:31:43
